name,type,source,latitude,longitude
Harsud,ruins,OpenStreetMap,22.0980173,76.7348785
Amarkantak,attraction,OpenStreetMap,22.670465,81.7588417
Chitrakoot,attraction,OpenStreetMap,25.1743883,80.8691307
Sasbahu,attraction,OpenStreetMap,26.2236003,78.1704234
Thirtankars,attraction,OpenStreetMap,26.2237281,78.1658908
Ticket counter Man-Singh-Palace,information,OpenStreetMap,26.2306414,78.1687397
Man-Singh-Palace,attraction,OpenStreetMap,26.2303315,78.1692698
Teli-ka-Mandir,attraction,OpenStreetMap,26.2202948,78.1656799
Bhojeshwar,attraction,OpenStreetMap,23.1002771,77.5799617
Rock Shelters of Bhimbetka,attraction,OpenStreetMap,22.9384007,77.6133286
Highway Retreat Bhimbetka,hotel,OpenStreetMap,22.957626,77.6249021
Lakshmi-Narayan Temple,attraction,OpenStreetMap,25.3527943,78.6308031
Ram-Raja,attraction,OpenStreetMap,25.3508385,78.6397977
Jahangiri Mahal,attraction,OpenStreetMap,25.3506405,78.6442334
Sharma Guest House,guest_house,OpenStreetMap,25.3500782,78.6408429
Chatturbhuja Mandir,attraction,OpenStreetMap,25.3501439,78.639864
Chhatris,attraction,OpenStreetMap,25.3437497,78.6377245
Raj Mahal,attraction,OpenStreetMap,25.3501873,78.6432642
Orchah Nature Reserve,information,OpenStreetMap,25.3418588,78.6410103
Chaterbuja,attraction,OpenStreetMap,24.8251743,79.9309969
Yogi Lodge,hotel,OpenStreetMap,24.8531906,79.9238693
Matangeshwar Temple,attraction,OpenStreetMap,24.8520155,79.9216142
Krishna Hotel,hotel,OpenStreetMap,23.4865191,77.7387209
Khamb Baba - Heliodorus coloum,attraction,OpenStreetMap,23.5495138,77.800139
Udaigiri caves - Northern Group,attraction,OpenStreetMap,23.5399835,77.7719839
Udaigiri caves - Southern Group,attraction,OpenStreetMap,23.5366403,77.7724127
Ticket Counter,information,OpenStreetMap,23.4846833,77.73835
Udaigiri caves,viewpoint,OpenStreetMap,23.5368313,77.7719879
Tropic of Cancer,memorial,OpenStreetMap,23.4484074,77.5945001
Tribal Museum Chhindwara,museum,OpenStreetMap,22.0711775,78.9399907
Ekta Park,picnic_site,OpenStreetMap,22.0478542,78.9387108
Madai Forest Guesthouse,guest_house,OpenStreetMap,22.5689947,78.1407201
Bandavgarh Fort,fort,OpenStreetMap,23.6834076,81.0395562
Infinity Resort,hotel,OpenStreetMap,23.7182317,81.0469926
Pench National Park Turia Gate,attraction,OpenStreetMap,21.7390632,79.3368346
Tuli Tiger Corridor,hotel,OpenStreetMap,21.7299821,79.3583811
Tuli Tiger Resort,hotel,OpenStreetMap,22.3057333,80.4893399
Pandav Falls,attraction,OpenStreetMap,24.730074,80.0676377
Rock Paintings,attraction,OpenStreetMap,24.5913106,80.0229268
Central Museum - Indore,museum,OpenStreetMap,22.7052316,75.8793076
Purva Falls,attraction,OpenStreetMap,24.7921535,81.3024033
"KNGH, DAVV",hostel,OpenStreetMap,22.6947643,75.8743616
Arjun Fitness Club,swimming_pool,OpenStreetMap,23.2169646,77.431211
Baz Bahadur Palace,monument,OpenStreetMap,22.3136037,75.4081054
Jajaj mahar,monument,OpenStreetMap,22.3552583,75.3932001
Rani Roopmati Mahal,monument,OpenStreetMap,22.3104946,75.4103326
Sagar Talab,attraction,OpenStreetMap,22.3262292,75.3994247
Mahatma Gandhi statue,memorial,OpenStreetMap,24.8462246,79.9300403
Hanuman Statue,attraction,OpenStreetMap,24.852241,79.9227156
Hostel Ground,pitch,OpenStreetMap,22.7271893,75.8725594
Shri Krishna Jungle Resort,hotel,OpenStreetMap,24.8418521,79.9286258
Bankim Guest House,hotel,OpenStreetMap,23.1623991,81.9398195
VVIP Guest House,guest_house,OpenStreetMap,23.1498807,81.9742961
Tansen Residency,hotel,OpenStreetMap,26.2139298,78.1871305
Central Park,hotel,OpenStreetMap,26.2113598,78.187734
Sun Beam,hotel,OpenStreetMap,26.2098065,78.1873236
Statue of Mahatma Gandhi,artwork,OpenStreetMap,26.2109459,78.1698625
Phoolbagh,park,OpenStreetMap,26.2112178,78.1697042
Champa Bawdi,monument,OpenStreetMap,22.3567985,75.391971
Dilwar Khan's Mosque,monument,OpenStreetMap,22.3578326,75.3923399
ASI Counter,information,OpenStreetMap,22.3542035,75.3936354
Hindola Mahal,monument,OpenStreetMap,22.356823,75.39293
Jain Dharamshala,hostel,OpenStreetMap,22.3464463,75.3984097
Chappan Mahal,monument,OpenStreetMap,22.3426432,75.3979028
Darya Khan's Tomb,monument,OpenStreetMap,22.33787,75.4023177
Malwa Resort,hotel,OpenStreetMap,22.3322555,75.3996677
Dai Ka Mahal,monument,OpenStreetMap,22.3276035,75.4025323
Ghadi Gate,monument,OpenStreetMap,22.3601867,75.3983588
Bhangi Gate,ruins,OpenStreetMap,22.3617792,75.3938339
Alamgiri Gate,ruins,OpenStreetMap,22.362878,75.3930802
Kakda Kho,viewpoint,OpenStreetMap,22.3826735,75.3898805
Mandu Retreat,hotel,OpenStreetMap,22.3558,75.3969199
Hotel Palash Residency,hotel,OpenStreetMap,23.2382984,77.3960366
rani park,park,OpenStreetMap,22.5991796,80.3712123
Hotel Abhashree,hotel,OpenStreetMap,21.9019547,77.907556
Flower Valley Guest House,hotel,OpenStreetMap,24.8510414,79.9263544
Hotel Surya,hotel,OpenStreetMap,24.8509635,79.9257938
Hotel Jain,hotel,OpenStreetMap,24.8510047,79.9256062
Hotel Harmony,hotel,OpenStreetMap,24.8508953,79.9260406
Hotel Gem Palace,hotel,OpenStreetMap,24.8509246,79.925936
Hotel Zen,hotel,OpenStreetMap,24.8507931,79.9264107
Osaka Guest House,hotel,OpenStreetMap,24.8521439,79.9278296
Government of India tourist office,information,OpenStreetMap,24.8570601,79.9226234
Hotel Mayur,hotel,OpenStreetMap,26.2130221,78.177855
Maharana Pratap Square,memorial,OpenStreetMap,22.7535498,75.9040512
GNG,monument,OpenStreetMap,22.7222343,75.9089565
Pared Ground,park,OpenStreetMap,24.7133145,78.1382776
Saket Swimming Pool,swimming_pool,OpenStreetMap,22.7239466,75.896884
Shreemaya,hotel,OpenStreetMap,22.7163985,75.8737202
Tata Agrico,resort,OpenStreetMap,22.7165324,75.8647821
Vijay Sthamba,monument,OpenStreetMap,24.4794947,75.1397427
Siddha Ghat,picnic_site,OpenStreetMap,22.388107,80.0271273
Imeprial Sabre,hotel,OpenStreetMap,23.2617894,77.3719875
Noor-us-Sabah Palace,hotel,OpenStreetMap,23.2671728,77.368264
Pandav Caves,archaeological_site,OpenStreetMap,22.4584995,78.4324548
Cave Paintings,yes,OpenStreetMap,22.4883425,78.4698063
Statue of Raja Bhoj,artwork,OpenStreetMap,23.2565032,77.3930124
Balaji Central,hotel,OpenStreetMap,23.3539029,75.025807
Hotel Chandralok,hotel,OpenStreetMap,22.8052533,75.2735463
Narmada Ghat,attraction,OpenStreetMap,22.2437425,76.1503206
Ticket office,information,OpenStreetMap,22.3138656,75.40696
Dhuandhar Falls,attraction,OpenStreetMap,23.125398,79.8134415
Ghughra Falls,viewpoint,OpenStreetMap,23.1042051,79.8333554
Waterfall,viewpoint,OpenStreetMap,23.1258988,79.8093872
Canyon viewpoint,viewpoint,OpenStreetMap,23.1283259,79.7964989
The Royal Garden,hotel,OpenStreetMap,25.4152519,78.6510269
Ashirwad Regency,hotel,OpenStreetMap,23.2691961,77.4087226
Sarafa Bazaar,attraction,OpenStreetMap,22.7178947,75.8518582
M.P. Tourism office,information,OpenStreetMap,23.2676466,77.414005
Ashok Hotel,hotel,OpenStreetMap,22.7139683,75.8692069
Neelam Hotel,hotel,OpenStreetMap,22.7147784,75.8697955
Delhi Darwaza,monument,OpenStreetMap,22.3611488,75.3961308
Tribal museum,museum,OpenStreetMap,23.2346838,77.3850531
Rama Temple,guest_house,OpenStreetMap,22.3490114,75.3980512
Orchha Resort,hotel,OpenStreetMap,25.3448421,78.6395362
Hotel Centre Point,hotel,OpenStreetMap,21.5937359,78.5265459
Hotel Mansarovar,hotel,OpenStreetMap,21.5936001,78.5265554
Maihar Devi Temple,attraction,OpenStreetMap,24.2612289,80.7230683
kerwa dam,attraction,OpenStreetMap,23.1674306,77.3727302
The Red Maple,hotel,OpenStreetMap,22.6185588,75.8059333
Hotel Payal Palace,hotel,OpenStreetMap,21.5945378,78.5267905
Hotel Neelkanth,hotel,OpenStreetMap,21.5936687,78.5265105
Hotel Sai Palace,hotel,OpenStreetMap,21.5931994,78.5261878
Guest House,guest_house,OpenStreetMap,21.59304,78.5297293
Jai Shree Lodge,hotel,OpenStreetMap,21.5940799,78.5272385
Hotel Aditya,hotel,OpenStreetMap,21.5928179,78.5278132
Hotel City Plaza,hotel,OpenStreetMap,26.2069311,78.1633514
City Plaza Hotel,hotel,OpenStreetMap,26.207112,78.1633191
Amar Vilas,hotel,OpenStreetMap,22.7421334,75.8932362
Hotel Centrum,hotel,OpenStreetMap,22.7231408,75.8945872
Tiger Inn Resort,hotel,OpenStreetMap,23.7240648,81.0232264
cricket stadium,stadium,OpenStreetMap,24.5849044,80.8624438
Orchha view g h,hostel,OpenStreetMap,25.3510407,78.6387772
Residences,hotel,OpenStreetMap,23.835133,79.4339999
Shri Mahant Guesthouse,hotel,OpenStreetMap,25.3509522,78.6403851
Pandav Cave,attraction,OpenStreetMap,22.4593753,78.4319468
Hotel Manjushree,hotel,OpenStreetMap,22.4727488,78.4350107
Betwa Retreat,hotel,OpenStreetMap,25.3454709,78.6399855
Great Wall of India,attraction,OpenStreetMap,23.1321467,78.7106138
Manu's Guesthouse,guest_house,OpenStreetMap,22.2471751,76.1487808
rental house agency,guest_house,OpenStreetMap,23.2632877,77.4608157
dravid nagar colony park,park,OpenStreetMap,22.7028278,75.8376881
Hotel Forbew,hotel,OpenStreetMap,25.64386,78.4533888
hotel shalimar true geoposition,hotel,OpenStreetMap,23.2625199,77.4111968
Badal Mahal,monument,OpenStreetMap,21.8831227,78.7324398
Stepwell,ruins,OpenStreetMap,21.8829858,78.7325283
Raja ki Baithak,memorial,OpenStreetMap,21.8832272,78.7325659
Hammam,memorial,OpenStreetMap,21.8833143,78.7323861
Kachahari,memorial,OpenStreetMap,21.8827593,78.7329682
Talpura Stupa Site,archaeological_site,OpenStreetMap,22.7978021,77.6557561
Grace Hotel,hotel,OpenStreetMap,24.8508855,79.9261085
Bison Lodge,guest_house,OpenStreetMap,21.8730627,79.5287856
Hotel Ganpati Palace,guest_house,OpenStreetMap,25.3527983,78.6414138
Lodge,guest_house,OpenStreetMap,22.3384954,77.1001221
Motel,motel,OpenStreetMap,22.1710645,79.5343743
Casa De Mono,guest_house,OpenStreetMap,24.85431,79.9257066
MPSTDC Dormitory,hostel,OpenStreetMap,25.1735969,80.868634
Birsinghpur,attraction,OpenStreetMap,24.7978306,80.9732651
ShahPura Village,chalet,OpenStreetMap,23.2017336,77.431743
Shree Vaibhav Marriage Garden,hotel,OpenStreetMap,23.1687522,77.4158194
Amra Shree Marriage Garden,hotel,OpenStreetMap,23.1683433,77.4155959
Fortune Signature ,apartment,OpenStreetMap,23.1749017,77.4368942
Shubhalaya ,apartment,OpenStreetMap,23.1733625,77.4372417
Star Homes,apartment,OpenStreetMap,23.1749264,77.442728
Paras Urbane Park,apartment,OpenStreetMap,23.1771267,77.4423602
Paras Emperor ,apartment,OpenStreetMap,23.1786432,77.4421934
Lavanya Fitness,fitness_centre,OpenStreetMap,23.1776351,77.4392679
Indus Garden ,apartment,OpenStreetMap,23.1777721,77.4378663
Fortune Glory ,apartment,OpenStreetMap,23.183081,77.4383531
Hotel Pramad Palace,hotel,OpenStreetMap,24.8515761,79.924293
Motel Shiraz,hotel,OpenStreetMap,23.2302029,77.4328228
P3 ,fitness_centre,OpenStreetMap,23.1882374,77.4333411
Aakriti Bungalows ,apartment,OpenStreetMap,23.170458,77.4379773
AISHE,hostel,OpenStreetMap,23.2049814,77.4261803
Paras Majestic ,apartment,OpenStreetMap,23.1891129,77.4288498
10.5 No,wayside_cross,OpenStreetMap,23.2119671,77.4364702
Sai Baba Board ,wayside_cross,OpenStreetMap,23.2069336,77.4368292
Naveen Nagar Park,park,OpenStreetMap,23.2609529,77.4227228
Hotel Shreemaya,hotel,OpenStreetMap,23.2648294,77.4098687
Hotel Jyoti,hotel,OpenStreetMap,23.2650934,77.4093363
Hotel Panchwati,hotel,OpenStreetMap,23.2650512,77.4059812
Gujari Mahal (Archaeological Museum),museum,OpenStreetMap,26.2341237,78.1705511
Balaji Guest House & Sweet shop,guest_house,OpenStreetMap,26.5858318,78.7696943
Bhind Fort,castle,OpenStreetMap,26.5591692,78.7954273
Hotel Shiv Vilas ,hotel,OpenStreetMap,23.1040994,77.5117783
Amer Greens ,hotel,OpenStreetMap,23.1380859,77.4880018
Dr Bhim Rao Amedkar Stadioum,stadium,OpenStreetMap,26.4900943,77.9821578
Vasudev garden,garden,OpenStreetMap,26.4914255,77.9860578
Maihar Royal Palace,hotel,OpenStreetMap,24.2687188,80.7520357
Hotel Rajdoot Gaurav,hotel,OpenStreetMap,23.2640984,77.4076497
Ram Mandir,attraction,OpenStreetMap,25.3508229,78.639273
Hotel Bharti,hotel,OpenStreetMap,23.2619825,77.4078008
Hotel Tulsi,hotel,OpenStreetMap,23.2619067,77.4078366
Premali wallance p ltd,attraction,OpenStreetMap,23.2415481,77.4323233
Baiju Dharmshala,yes,OpenStreetMap,24.5377842,81.2866749
Fort View GuestHouse,hotel,OpenStreetMap,25.3530912,78.6413325
Songarh(fort) Gate of Mandu,fort,OpenStreetMap,22.3289719,75.3803635
J P Sharma,guest_house,OpenStreetMap,23.1806383,77.4411657
Sharma's - Airbnb,guest_house,OpenStreetMap,23.1806383,77.4411657
Sanskar Upvan,park,OpenStreetMap,23.16135,77.414491
Manav Sangralay,museum,OpenStreetMap,23.23304,77.3823381
Jan Jati Sangralay - Tribal musuem,museum,OpenStreetMap,23.2342772,77.3848698
Jehan Numa Palace,hotel,OpenStreetMap,23.240373,77.3870086
Jawahar Bal Udyan,park,OpenStreetMap,23.2249863,77.4212302
Nakhrali dhani resort -indore,resort,OpenStreetMap,22.6369787,75.7985589
Mathurawala sweets,hotel,OpenStreetMap,22.7085238,75.8756294
Hotel Chanakya,hotel,OpenStreetMap,22.7084855,75.8757193
Vanvasi temple STP,attraction,OpenStreetMap,25.3588794,78.6474556
Shiv Temple STP,attraction,OpenStreetMap,25.3545492,78.6455605
All orchha view,hotel,OpenStreetMap,25.352986,78.6355209
Rasalda ki kothi,attraction,OpenStreetMap,25.3516912,78.6432825
Beautiful viewpoint,viewpoint,OpenStreetMap,25.2314193,79.2913903
Kanha Earth Lodge,hotel,OpenStreetMap,22.2665137,80.4868984
Mystical Yoga Centre And Hostel,guest_house,OpenStreetMap,24.8682644,79.920288
Govind malo,apartment,OpenStreetMap,22.7387982,75.9030335
Lal Mahal,monument,OpenStreetMap,22.3559575,75.3912815
Satya Ashoka,hotel,OpenStreetMap,23.1656383,79.9277875
Karma Home Stay,guest_house,OpenStreetMap,24.8522322,79.928471
Dai ki Chooti Bahan ka Mahal,monument,OpenStreetMap,22.329266,75.4024637
"Panna Jungle Camp, Hinnauta",resort,OpenStreetMap,24.6418761,80.0162657
Bada Park,park,OpenStreetMap,26.238368,78.1511078
Col's uphaar hotel mhow,hotel,OpenStreetMap,22.5461325,75.7432302
Sadar Manzil,castle,OpenStreetMap,23.2570884,77.3970787
Sardar Patel Statue,monument,OpenStreetMap,22.7511195,75.8954711
Bagheera Retreat,hotel,OpenStreetMap,21.7323916,79.3669295
Pench Jungle Camp,hotel,OpenStreetMap,21.7294639,79.3504715
Kiplings Court,hotel,OpenStreetMap,21.7327229,79.3470061
The Cubs Land Resort,hotel,OpenStreetMap,21.7331116,79.3502247
Tiger N Woods,hotel,OpenStreetMap,21.7378654,79.350847
Jalsa Resort,hotel,OpenStreetMap,21.7372525,79.3514746
Baghvan Pench National Park,hotel,OpenStreetMap,21.7308094,79.3588292
Camelote Resort and Boating Point,hotel,OpenStreetMap,21.7313576,79.3555033
Shakambari Resorts,hotel,OpenStreetMap,21.7328924,79.354881
Olive Resorts and Villas,hotel,OpenStreetMap,21.7342777,79.355911
Welcome Heritage Jungle Home Resort and Spa,hotel,OpenStreetMap,21.7323442,79.3546235
Tathastu,hotel,OpenStreetMap,21.7321748,79.3574935
Mowgli's Den,hotel,OpenStreetMap,21.7334305,79.3595427
Baaz Jungle Resort,hotel,OpenStreetMap,21.7163475,79.358089
Vriksh Resort,hotel,OpenStreetMap,21.7183011,79.3668544
V Resorts Kohka,hotel,OpenStreetMap,21.7130432,79.3573862
Sethi Bagh Sultanate,hotel,OpenStreetMap,21.7139702,79.3596393
Kohka Wilderness Camp,hotel,OpenStreetMap,21.7135715,79.3590921
"Banyan Tree Camp, Pench",hotel,OpenStreetMap,21.7145633,79.3654919
Kutiya Guest House,hotel,OpenStreetMap,21.712814,79.3624449
Laxman Sing Gaur Udyan,park,OpenStreetMap,22.6995331,75.8338421
Hotel Hare Krishna,hotel,OpenStreetMap,25.3518985,78.6357571
Resort Raghav Palace,hotel,OpenStreetMap,22.6864804,75.8710547
Hotel Man Mandir,hotel,OpenStreetMap,26.2032793,78.1610351
אחלה אוכל,attraction,OpenStreetMap,23.400119,75.06196
Treebo Sun Palace,hotel,OpenStreetMap,23.2460667,77.4314113
Hotel SS,hotel,OpenStreetMap,25.426173,77.643968
Hotel Isabel Palace,hotel,OpenStreetMap,24.8378605,79.9184745
Shivpuri Hotel,hotel,OpenStreetMap,25.4247182,77.6583278
Terminal 10,hotel,OpenStreetMap,22.7459336,75.9215105
Borevan Bairagarh,park,OpenStreetMap,23.2682792,77.3447569
Bhagwan Kala Kendra,artwork,OpenStreetMap,23.2685941,77.3428982
mayur graden,garden,OpenStreetMap,23.2702925,77.3319997
Hotel Shikhar Palace,hotel,OpenStreetMap,23.2701995,77.3307618
Hotel Lake City Pride,hotel,OpenStreetMap,23.272442,77.3299909
Skyland garden,garden,OpenStreetMap,23.2675425,77.3207926
Club Cabana Resorts,resort,OpenStreetMap,23.2704504,77.3194551
Chirayu Front Garden,garden,OpenStreetMap,23.2680631,77.3074207
Shagun Marriage Garden,garden,OpenStreetMap,23.2617547,77.2996518
Sai Viklang Hostel,hostel,OpenStreetMap,23.2736335,77.320195
Water Viewpoint,viewpoint,OpenStreetMap,25.347423,78.6397014
Hotel Krishna Bhog,hotel,OpenStreetMap,22.0301937,74.9147248
Yashwant Club,monument,OpenStreetMap,22.7240771,75.8773685
Fusion Guest House,hotel,OpenStreetMap,24.8519277,79.9246032
The Pride Hotel,hotel,OpenStreetMap,23.5229214,77.8138411
Ardash Palace Hotel,hotel,OpenStreetMap,23.2605,77.4033991
Remember Bhopal Museum,museum,OpenStreetMap,23.2924467,77.4008672
Abandoned Union Carbide Plant,attraction,OpenStreetMap,23.2808461,77.4098061
State Museum,museum,OpenStreetMap,23.2355777,77.3855503
1984 Bhopal Gas Tragedy Memorial,memorial,OpenStreetMap,23.2779709,77.4084189
Sunset Point,viewpoint,OpenStreetMap,22.3475286,75.3923269
Lohani Caves,attraction,OpenStreetMap,22.3480839,75.3924899
Tower of Victory,attraction,OpenStreetMap,22.3482989,75.3986166
Jali Mahal,monument,OpenStreetMap,22.3215375,75.4012551
TechForce composites p ltd.,attraction,OpenStreetMap,22.7973368,75.8256335
Marble Palace,hotel,OpenStreetMap,24.8517634,79.9252925
Raiman Daua Ki Kothi,ruins,OpenStreetMap,25.3490941,78.6441684
Bakasrai Ki Koti,monument,OpenStreetMap,25.3485114,78.6458162
Temple View Guesthouse,guest_house,OpenStreetMap,25.3516071,78.6389066
"IDA Scheme No.114, Part 2, Sathya Sai Nagar, (IDA FLATS)",apartment,OpenStreetMap,22.7647663,75.9034496
Sheesh Mahal Hotel,hotel,OpenStreetMap,25.3508074,78.6437794
Raj Health Club,fitness_centre,OpenStreetMap,24.8612998,79.9210715
अजूबा,guest_house,OpenStreetMap,22.3418465,75.3997409
aaradhya glass house,artwork,OpenStreetMap,22.8180515,75.9285924
Hotel Gaurav,hotel,OpenStreetMap,21.8164136,80.186043
Panna Tiger Reserve entry,information,OpenStreetMap,24.7306733,80.009001
Prem‘s Home Stay,hotel,OpenStreetMap,24.8475177,79.9114434
Hotel Kalindi Palace,hotel,OpenStreetMap,23.2360745,77.4017293
Hotel India,hotel,OpenStreetMap,23.2344708,77.4018442
OYO Hotel Vishnu Villas,hotel,OpenStreetMap,23.2352372,77.4018138
Maharaja Chhatrasal Museum,museum,OpenStreetMap,25.0080254,79.4796936
Hotel Sunder,hotel,OpenStreetMap,22.7152454,75.8724841
Okpl,museum,OpenStreetMap,22.8208865,75.9429322
Cheri Homestay,hotel,OpenStreetMap,24.8412903,79.9336008
Hotel Solitaire,hotel,OpenStreetMap,22.7530257,75.8879411
Bargi Water Reservoir,camp_site,OpenStreetMap,22.8132142,79.9916251
Gupha Mandir,archaeological_site,OpenStreetMap,23.9255223,78.2118485
Alipura Palace,hotel,OpenStreetMap,25.1759116,79.3465306
SWARNA JAYANTI PARK,park,OpenStreetMap,23.1963246,77.4176355
Subash chowk,monument,OpenStreetMap,23.01441,76.7216493
feild,playground,OpenStreetMap,23.0006207,76.7219026
पारस अर्बन पार्क,apartment,OpenStreetMap,23.177041,77.4431843
Kati Ghati,monument,OpenStreetMap,24.6966698,78.132016
Nanuan Cave Paintings,archaeological_site,OpenStreetMap,24.6203931,78.0051613
Violin Tiraha,artwork,OpenStreetMap,22.7253672,75.8875689
Deur Kothar,attraction,OpenStreetMap,24.9361279,81.6633753
21 Corps,castle,OpenStreetMap,23.2658284,77.4048671
Ashoka Society Ground,park,OpenStreetMap,23.2048388,77.4338981
Hotel Shree Hari (correct location),hotel,OpenStreetMap,23.1598292,79.9181084
Hotel Royal Inn,hotel,OpenStreetMap,26.2099398,78.187347
Chaunsath Yogini temple,monument,OpenStreetMap,24.8497204,79.9180954
Lalguan Mahadev Temple,attraction,OpenStreetMap,24.8508104,79.9113119
Sunset viewpoint over the water reservoir,viewpoint,OpenStreetMap,24.7921524,79.8733497
Moustache Khajuraho,hostel,OpenStreetMap,24.8458162,79.9314251
"Rest house for Parikramavasi, Charkutiya",guest_house,OpenStreetMap,22.9111869,81.2204544
Monarch Rama Hotel,hotel,OpenStreetMap,25.3532974,78.6411379
Khajuraho rancho,hotel,OpenStreetMap,24.8553849,79.9148187
Village Machaan,resort,OpenStreetMap,21.7239762,79.3532367
Hotel Rama Inn,hostel,OpenStreetMap,22.7111891,75.8756562
Hotel SONALI,hostel,OpenStreetMap,23.2634026,77.4095223
Hotel Khajuraho Lake view,hotel,OpenStreetMap,24.8493598,79.9233366
Sunrise,hotel,OpenStreetMap,25.3470704,78.6412273
Yuvraj,hotel,OpenStreetMap,25.3468667,78.6411771
Sawan Bhado,attraction,OpenStreetMap,25.3513604,78.6400791
Amar Mahal,hotel,OpenStreetMap,25.3462331,78.6386561
Darya Khan's Mosque,attraction,OpenStreetMap,22.338062,75.401575
Chorkot Mosque Monuments,attraction,OpenStreetMap,22.344802,75.396764
Vijay Stambh,attraction,OpenStreetMap,22.3483769,75.398287
Foota temple,attraction,OpenStreetMap,22.354524,75.396532
Ujala Baodi,attraction,OpenStreetMap,22.3580595,75.3960308
Rewa Kund,attraction,OpenStreetMap,22.3136823,75.4064715
Kamani Darwaza,attraction,OpenStreetMap,22.3621526,75.3964536
Eco Point Mahdev,attraction,OpenStreetMap,22.3279957,75.4013504
The Tomb of Roza (Roza of Khadija Bibi),attraction,OpenStreetMap,22.3357041,75.3991782
Mahadev Mandir,attraction,OpenStreetMap,22.3647818,75.3904749
Mandhu Museum,attraction,OpenStreetMap,22.379895,75.391906
Nilkanth Palace,attraction,OpenStreetMap,22.336221,75.404601
Nilkantheshwar Temple,attraction,OpenStreetMap,22.348846,75.396485
Madan Kui Sarai,attraction,OpenStreetMap,22.35489,75.396419
Taveli Mahal,attraction,OpenStreetMap,22.354889,75.393668
Songarh Fort,attraction,OpenStreetMap,22.3298023,75.3733287
Dharma Shala,attraction,OpenStreetMap,22.348461,75.396145
Bhangi Darwaza,attraction,OpenStreetMap,22.361932,75.395678
Shiv Mandir,attraction,OpenStreetMap,22.3670403,75.3925585
Gadah Shah's Shop,monument,OpenStreetMap,22.3572312,75.3960881
Daraki-Chattan Cleft/Cave,archaeological_site,OpenStreetMap,24.5354493,75.7305114
Paan Vines,garden,OpenStreetMap,24.5263808,75.7356778
Gymnasium,fitness_centre,OpenStreetMap,22.4684606,77.4811363
Raj Mahal The Palace,hotel,OpenStreetMap,25.381215,78.6472553
Nehru Park,park,OpenStreetMap,22.236133,75.0886783
TYPE III Children's play area,playground,OpenStreetMap,23.2020804,80.0091094
Jay stambh chowk,artwork,OpenStreetMap,22.1027308,80.5492082
Rani Durgavati Chowk,artwork,OpenStreetMap,22.1037217,80.5489188
Ambedkar chowk,artwork,OpenStreetMap,22.104885,80.5487088
Bhil Martyr's Memorial,memorial,OpenStreetMap,22.5158843,76.1789403
Shaheed Tantya Bhil Statue,artwork,OpenStreetMap,22.5159253,76.178955
Gandhi chawk,artwork,OpenStreetMap,23.525729,80.8380329
Karmajhiri Forest Rest House,resort,OpenStreetMap,21.8270422,79.3186667
Pench Tree Lodge,resort,OpenStreetMap,21.882423,79.3786325
Marble Rocks,attraction,OpenStreetMap,23.1298959,79.795089
Narmada Marble Valley,attraction,OpenStreetMap,23.1259498,79.7986207
Dream Homestay,resort,OpenStreetMap,23.1613645,75.7916904
The Grand Padma,resort,OpenStreetMap,23.6304982,75.1004906
GoldMark resort,resort,OpenStreetMap,22.5769522,78.1480282
kachnar enterance,city_gate,OpenStreetMap,23.1887792,79.9018912
hotel yuvraj,hotel,OpenStreetMap,23.1803228,79.8989247
nandan kanan park,park,OpenStreetMap,23.2197148,77.4232046
eden park,park,OpenStreetMap,23.2076553,77.4355423
Vivekanand Hostel,hostel,OpenStreetMap,23.8206889,78.7701816
Tagore Hostel,hostel,OpenStreetMap,23.8214984,78.7713
Labbooz Cafe And Lodge,hotel,OpenStreetMap,22.171153,75.5870753
Bhavana,hotel,OpenStreetMap,24.6286552,77.2848889
Tomb of Mohammed Ghaus,monument,OpenStreetMap,26.2318335,78.1796752
Govind Nivas Palace,yes,OpenStreetMap,25.6917547,78.4341806
Emperor Fitness,fitness_centre,OpenStreetMap,23.2732417,77.4646364
Maharishi ground,park,OpenStreetMap,23.2766302,77.4676448
oyo hotel,hotel,OpenStreetMap,23.2730248,77.4651438
Gandhi Park,park,OpenStreetMap,25.8887454,78.3347129
Maharaja Yashwant Rao statue,artwork,OpenStreetMap,22.7190071,75.9090842
Hotel saubhagya,hotel,OpenStreetMap,23.2755145,77.4689552
Stone Park,park,OpenStreetMap,23.2770816,77.468172
ISRO MCF Guest House  BHOPAL,guest_house,OpenStreetMap,23.2773724,77.4705489
Maharishi Kids home,hostel,OpenStreetMap,23.2768352,77.4691591
Rebound Fitness,fitness_centre,OpenStreetMap,23.2741782,77.4651063
The GB fitness world,fitness_centre,OpenStreetMap,23.2668729,77.4710243
Madhav Rao Scindia Statue,artwork,OpenStreetMap,22.7195325,75.90597
Sampat hills garden,park,OpenStreetMap,22.6934897,75.9256219
Bhandari Greens,garden,OpenStreetMap,22.692474,75.9246466
Mars mission monument,monument,OpenStreetMap,22.7356215,75.7956799
coomon pool,swimming_pool,OpenStreetMap,22.7597231,75.9228703
arham,park,OpenStreetMap,22.4891462,76.4859103
gandi pratima,artwork,OpenStreetMap,22.7199401,75.8709808
GC Crpf,apartment,OpenStreetMap,23.1377928,77.5333301
crpf badminton court,sports_centre,OpenStreetMap,23.1371839,77.5385027
International boys hostel DHSGSU,hostel,OpenStreetMap,23.822142,78.7723501
Fisheries Department,fishing,OpenStreetMap,22.6551166,75.8857563
I LOVE INDORE,artwork,OpenStreetMap,22.7240134,75.8871264
Sukhnivas Palace,castle,OpenStreetMap,22.6691623,75.8026236
MPT -  Tapti Retreat,hotel,OpenStreetMap,21.2995028,76.2223536
Ambika Hotel,hotel,OpenStreetMap,21.2992747,76.2229162
Barahdari,fort,OpenStreetMap,21.2898513,76.2232536
Shanwaara Gate,city_gate,OpenStreetMap,21.3119721,76.2263092
Main Gate - Tricone City,city_gate,OpenStreetMap,22.5921038,75.8982323
Main Gate - Limbodi,city_gate,OpenStreetMap,22.6684901,75.8821308
Main Gate - Krishnodaya Nagar,city_gate,OpenStreetMap,22.6736696,75.8784338
Main Gate - Sant Nagar,city_gate,OpenStreetMap,22.6726921,75.875894
City Gymkhana,sports_centre,OpenStreetMap,22.7041156,75.8600763
Taran Pushkar,sports_centre,OpenStreetMap,22.7061656,75.8434619
Babasaheb Dr. Bhim Rao Ambedkar Statue,artwork,OpenStreetMap,22.7183271,75.8840522
Satguru Girls Hostel,hostel,OpenStreetMap,22.679257,75.8788085
"Bachendri Pal Girls' Hostel, IET DAVV",hostel,OpenStreetMap,22.6802142,75.8782017
Malgudi Days,hotel,OpenStreetMap,23.1176293,75.8010149
Central Government Touring Officers Guest House,guest_house,OpenStreetMap,26.2056552,78.1909762
Madhav Udyan,park,OpenStreetMap,23.5181282,77.8073225
Rash Den,attraction,OpenStreetMap,23.3553258,74.9957477
hotel and truck parking,hotel,OpenStreetMap,21.8099319,76.6931063
HH Maharaja Sir Jiwajirao Scindia Museum,museum,OpenStreetMap,26.2052037,78.1689471
Maharaja Hotel,hotel,OpenStreetMap,22.1782933,75.6535808
Shaheed Tantiya Bhil,artwork,OpenStreetMap,22.504637,75.797547
Main Gate - Shri Krishna Avenue Phase - 1,city_gate,OpenStreetMap,22.6669581,75.8883168
Fitcare Gym,fitness_centre,OpenStreetMap,22.6711105,75.8808754
Hotel Baywatch,hotel,OpenStreetMap,22.6716527,75.8807001
Krantisurya Jannayak Tantiya Bhil Statue,artwork,OpenStreetMap,22.692256,75.8675448
Hotel Prashant,hotel,OpenStreetMap,22.7009035,75.8756115
Maharaja Agrasen Statue,artwork,OpenStreetMap,22.7036809,75.8733123
Aanandam Greens,resort,OpenStreetMap,23.2178377,77.132231
Singinawa Jungle Lodge,hotel,OpenStreetMap,22.1109749,80.5675632
Mukki Forest Rest House,hotel,OpenStreetMap,22.1540225,80.6660037
Canopy Walk Mukki MP Tourism,viewpoint,OpenStreetMap,22.1447401,80.6659245
MPT Safari Lodge,hotel,OpenStreetMap,22.1478843,80.6644515
Kanha Meadows Retreat,hotel,OpenStreetMap,22.1483365,80.6627089
Kanha Pride Resort,hotel,OpenStreetMap,22.1477575,80.6627462
Kanha Museum,museum,OpenStreetMap,22.2826264,80.619798
Mogli Resort,hotel,OpenStreetMap,22.3121854,80.5168682
Kanha tiger safaris & travel agency,information,OpenStreetMap,22.313458,80.5173911
Club Mahindra Resort,hotel,OpenStreetMap,22.3165491,80.4842033
kingfisher Resort,hotel,OpenStreetMap,22.3172824,80.4873759
WIildlife Adventure Group resort,hotel,OpenStreetMap,22.316986,80.4876963
Kusum Resort,hotel,OpenStreetMap,22.3198428,80.4865158
Maharaja Bhoj,artwork,OpenStreetMap,22.0940707,80.5419356
Dr. Ambedkar Park,park,OpenStreetMap,22.1029976,80.5486334
Grand Tiger Resort,hotel,OpenStreetMap,22.1494304,80.6608711
Shergarh Tented Camp,hotel,OpenStreetMap,22.1332596,80.6362689
Peepal Resort,hotel,OpenStreetMap,22.1167185,80.585023
La Faune Resort,hotel,OpenStreetMap,22.1163251,80.585692
Tribal Village Jungle Home Stay,hotel,OpenStreetMap,22.114347,80.5848577
Kanha Bollms Resport,hotel,OpenStreetMap,22.1156375,80.588258
Khapa Jungle Camp,hotel,OpenStreetMap,22.1180051,80.5877874
Istaqbal Hotel,hotel,OpenStreetMap,22.1062229,80.5582675
Vikash Mehre,hotel,OpenStreetMap,22.1057033,80.5565905
Kanha Jungle Lodge,hotel,OpenStreetMap,22.1453481,80.6608298
Banjaar Tola,hotel,OpenStreetMap,22.1445208,80.6577667
Hornbill Resort,hotel,OpenStreetMap,22.1326464,80.6421649
The Kumud - A Forest Bungalow,hotel,OpenStreetMap,22.1271333,80.6343939
Kanha Tiger Valley Resort,hotel,OpenStreetMap,22.1356393,80.6325982
Royal Bamhni Resort,hotel,OpenStreetMap,22.1370607,80.6266951
Bagh Tola,hotel,OpenStreetMap,22.1345099,80.7046885
7 Tigers Resort,hotel,OpenStreetMap,22.1274704,80.6893534
Panchtilak House,hotel,OpenStreetMap,22.0652482,80.7324842
Ripu maneshwar,hotel,OpenStreetMap,22.0618847,80.731807
infinity Resorts,hotel,OpenStreetMap,22.115363,80.7141199
Nature Groove Jungle Camp,hotel,OpenStreetMap,22.1202434,80.7328376
Hotel Rajvihar,hotel,OpenStreetMap,22.472177,78.4374245
Tree House Hideaway,hotel,OpenStreetMap,23.7203592,81.0398681
Lemon Tree Widlife Resort,hotel,OpenStreetMap,23.7230797,81.0386677
Whispering Grass Resort,hotel,OpenStreetMap,23.7274121,81.0446184
Maharaja Royal Retreat Hotel & Resort,hotel,OpenStreetMap,23.7222738,81.0192781
Bandhavgarh School of Art and Art Gallery,gallery,OpenStreetMap,23.7218401,81.0184471
Bandhavgarh Jungle Lodge,hotel,OpenStreetMap,23.7180358,81.0262902
Tara Bandhavgarh Coupan Centre,information,OpenStreetMap,23.720844,81.0175196
Bandhavgarh Forest Booking Office,information,OpenStreetMap,23.7207777,81.0168922
Bandhavgarh museum,museum,OpenStreetMap,23.7205156,81.0176087
The Tiger Valley Reort,hotel,OpenStreetMap,23.707747,80.9838657
MPT White Tiger Forest Lodge,hotel,OpenStreetMap,23.7187672,81.0196097
Nature Heritage Resort,hotel,OpenStreetMap,23.7241995,81.015362
Kings Lodge,hotel,OpenStreetMap,23.7308257,80.9989595
The Untamed Bandhavgarh,hotel,OpenStreetMap,23.7305702,80.9968931
Tala Camp Bandhavgarh,hotel,OpenStreetMap,23.7306408,81.0099655
Officer's Club,sports_centre,OpenStreetMap,22.0929062,79.5477593
Meghdoot luxury hotel and resort,hotel,OpenStreetMap,23.1175315,75.7989752
Kanha Forest Information Center,information,OpenStreetMap,22.4070025,80.6585835
MPT Jungle Resort Sarahi,hotel,OpenStreetMap,22.4070608,80.6601878
Kariwah Camp,information,OpenStreetMap,22.413599,80.577298
Shiva,artwork,OpenStreetMap,23.1767561,75.7700236
Saptarshi,artwork,OpenStreetMap,23.1772767,75.7698264
Lion,artwork,OpenStreetMap,23.1838627,75.7649037
Hotel Emerald Park,hotel,OpenStreetMap,22.6907245,75.8631926
Kabir bhatia khel maidan,park,OpenStreetMap,22.691094,75.8622922
Arjinder singh vilkhu,park,OpenStreetMap,22.6912284,75.862013
Bundelkhand boys hostel,hostel,OpenStreetMap,22.6917268,75.8614212
DD Garden,park,OpenStreetMap,22.6882372,75.862064
children play park,park,OpenStreetMap,26.2115022,78.2016558
kids parks,park,OpenStreetMap,26.2094932,78.2036975
marriage garden,garden,OpenStreetMap,26.212922,78.2003278
public ground,park,OpenStreetMap,26.2143165,78.2037574
gandhi zoological park,zoo,OpenStreetMap,26.2123933,78.2037423
senior citizen cafe,park,OpenStreetMap,26.2093516,78.2062756
GYM KHANA,swimming_pool,OpenStreetMap,22.7055928,75.8600104
KARDA,fitness_centre,OpenStreetMap,22.7054437,75.8588758
CHUNKYS DANCES,dance,OpenStreetMap,22.7051909,75.8589463
LUCKY,fitness_centre,OpenStreetMap,22.7050644,75.8584079
FITNESS POIN,fitness_centre,OpenStreetMap,22.7069264,75.8585455
SK GYM,fitness_centre,OpenStreetMap,22.7071055,75.8561609
veerangna jhalkaribai koli park,park,OpenStreetMap,26.2139059,78.1909919
LNIPE tennis court,pitch,OpenStreetMap,26.217074,78.1917818
kendriya vidyalaya no 1 basketball ground,pitch,OpenStreetMap,26.2154821,78.1916241
sita manor,hotel,OpenStreetMap,26.2135031,78.1922875
tansen residency,hotel,OpenStreetMap,26.2140512,78.1871446
gwalior regency,hotel,OpenStreetMap,26.2147623,78.1881279
moti mahal deluxe,hotel,OpenStreetMap,26.2150382,78.1872272
government guest house,guest_house,OpenStreetMap,26.213961,78.1866938
BAGHEL NIWASS,castle,OpenStreetMap,24.5158946,80.9355879
Belamour Retreat,resort,OpenStreetMap,22.5102644,75.7915438
Hotel The Pannis,hotel,OpenStreetMap,23.2649773,77.4040972
Hotel Sai Dham,hotel,OpenStreetMap,22.3491955,75.4028032
religious monuments,attraction,OpenStreetMap,23.1827698,75.7656586
Ghats,attraction,OpenStreetMap,23.1850929,75.7631823
JJ,camp_site,OpenStreetMap,23.2026412,77.3970287
Puja Homes Park,park,OpenStreetMap,23.160945,79.8711656
Heritage,ruins,OpenStreetMap,26.1952778,78.1808047
Art Gallery,gallery,OpenStreetMap,25.2836037,78.7680766
Sarai,ruins,OpenStreetMap,22.3394334,75.3998919
Chorkot Mosque,ruins,OpenStreetMap,22.3371436,75.3949682
Tomb & Mosque,ruins,OpenStreetMap,22.3385379,75.3963138
Gauhar Mahal,attraction,OpenStreetMap,23.255375,77.3974372
Hotel New Arcadia,hotel,OpenStreetMap,23.1362619,77.4902178
Munimji Cricket Ground MCG,pitch,OpenStreetMap,22.8723856,75.8675791
Bundela Bandhavgarh,hotel,OpenStreetMap,23.733424,81.0121655
Maati Jungle Lodge,resort,OpenStreetMap,23.721582,81.0549745
Palash kothi,hotel,OpenStreetMap,23.7212793,81.0482708
Metro hotel,hotel,OpenStreetMap,21.311304,76.230066
City plaza,hotel,OpenStreetMap,21.3112375,76.2298157
Krishna Temple Garden,garden,OpenStreetMap,22.7307114,78.3566606
Pachmarhi Vihar Colony Garden,garden,OpenStreetMap,22.7262641,78.3569507
Boys Hostel Block 2,hostel,OpenStreetMap,23.0730021,76.860033
Cricket Practice Net,pitch,OpenStreetMap,23.0746597,76.8599173
Boys Hostel Block 1,hostel,OpenStreetMap,23.0750593,76.8598266
Volleyball Court,pitch,OpenStreetMap,23.0745342,76.8602237
Girls Hostel Block 1,hostel,OpenStreetMap,23.0752649,76.8524122
Bee Fall,attraction,OpenStreetMap,22.4742581,78.4081585
Hotel Ambar and Holiday Resort,hotel,OpenStreetMap,21.3104327,76.2253293
Muslim cemetery,memorial,OpenStreetMap,21.3140368,76.2217975
Denva Darshan,attraction,OpenStreetMap,22.5431514,78.4903473
Rest House Garhi,motel,OpenStreetMap,22.2316221,80.7937907
JMD Palace,hotel,OpenStreetMap,23.3265789,75.0139009
Rashi,motel,OpenStreetMap,22.5857956,80.3624646
SMJ International,hotel,OpenStreetMap,22.5969877,80.3590381
Boathouse,attraction,OpenStreetMap,24.65474,75.6028944
RNA Ground,playground,OpenStreetMap,22.7583569,78.3497494
Hotel Lucky Palace,hotel,OpenStreetMap,22.754318,78.357846
Caste Boys Hostel,hostel,OpenStreetMap,22.6316201,80.3627971
Hotel Park View,hotel,OpenStreetMap,22.6331528,80.3637857
Rajpoot Marriage Garden Katra,hotel,OpenStreetMap,22.6376475,80.3628129
Das Parisar,garden,OpenStreetMap,22.732625,78.3546972
SANDEEP RICE MILL,information,OpenStreetMap,23.5314749,80.8124619
Forest Guest House,hostel,OpenStreetMap,23.5262612,80.8245424
Hotel Roop,hotel,OpenStreetMap,23.5235781,80.8305438
Hotel Paradise,hotel,OpenStreetMap,22.4730058,78.4337395
"Pt. Jawaharlal Nehru Memorial, Jabalpur",park,OpenStreetMap,23.1120775,79.8736647
Mahatma Gandhi Memorial,memorial,OpenStreetMap,23.1130763,79.8735679
Gayatri HP Gas Agency,information,OpenStreetMap,23.0397712,80.4399624
Bharat Rice Mill,information,OpenStreetMap,23.3553391,80.8304392
Rani Durgawati Museum,museum,OpenStreetMap,22.605161,80.3628139
Tomb of Asaf Khan,tomb,OpenStreetMap,22.6143858,80.3701318
The Grand Narmada,hotel,OpenStreetMap,22.6263173,80.3657342
AAROHI MARRIAGE GARDEN,hotel,OpenStreetMap,22.6128733,80.3706729
Sun Set View Point,viewpoint,OpenStreetMap,22.3257687,80.435447
Begum Palace,attraction,OpenStreetMap,22.4878035,78.450909
CHANU (AMLA) FROM,park,OpenStreetMap,22.7596113,75.9271409
Gopur colony mark,park,OpenStreetMap,22.685263,75.8302939
Pre Conco Colony Park,park,OpenStreetMap,22.6852425,75.832831
Dusshera Maidan,playground,OpenStreetMap,22.6941913,75.8396385
The World Gym,fitness_centre,OpenStreetMap,22.6873394,75.836426
Gopur Colony Extension Garden,park,OpenStreetMap,22.6843895,75.828338
Vaishali Garden,park,OpenStreetMap,22.6835463,75.8277799
Devendra Nagr Garden,park,OpenStreetMap,22.6843217,75.8401754
Tyagmurti Maharishi Pratima,artwork,OpenStreetMap,22.6841283,75.8362542
Nakhrali Water park,water_park,OpenStreetMap,22.6368737,75.798363
Turf,pitch,OpenStreetMap,22.6480639,75.8229052
Silicon City Gate,city_gate,OpenStreetMap,22.6458229,75.8276973
Kamla Nehru Prani Sangralaya,zoo,OpenStreetMap,22.7042532,75.8778515
Khajarana Ganesh Mandir gate,city_gate,OpenStreetMap,22.7316032,75.9030502
Khajarana Ganesh Mandir Entry Gate,city_gate,OpenStreetMap,22.7301901,75.9077031
Ganeshpuri Park,park,OpenStreetMap,22.7306099,75.9070139
Regional Park,park,OpenStreetMap,22.6770019,75.8561342
Chintaman Bag Ground,park,OpenStreetMap,22.7260826,75.8617104
Devi Ahilya Statue,artwork,OpenStreetMap,22.7185445,75.8556266
The Holkar Gallery,gallery,OpenStreetMap,22.718569,75.8544986
Fish Aquarium Home,aquarium,OpenStreetMap,22.7227035,75.8589936
Shivaji Vatika,artwork,OpenStreetMap,22.710846,75.8828935
shri ram smruti park,park,OpenStreetMap,25.6767097,76.7168514
Dr.green park,park,OpenStreetMap,25.6879643,76.688993
college playground,playground,OpenStreetMap,25.6840055,76.6925409
Dr.Bheem Rao Ambedkar park,park,OpenStreetMap,25.6805082,76.6871722
Solitaire Park,park,OpenStreetMap,22.760518,75.9373214
Ramada Encore by Wyndham Indore Nipania,hotel,OpenStreetMap,22.7575834,75.9307149
sheopur fort,fort,OpenStreetMap,25.6580464,76.6947434
Radhika vilas a heritage resort,resort,OpenStreetMap,25.6948026,76.6875341
sheopur flood relief camapign,camp_pitch,OpenStreetMap,25.6765077,76.6925861
Hotel The Chandra Leela,hotel,OpenStreetMap,22.7539645,75.9341012
Jalsa Resort & Banquets,resort,OpenStreetMap,22.750745,75.9367173
The Park Indore,hotel,OpenStreetMap,22.7452591,75.9317647
Satyabhan Cricket Academy in Indore,sports_centre,OpenStreetMap,22.7466344,75.9328256
Mahesh Drishtiheen Kalyan Sangh Teacher Training Unit,information,OpenStreetMap,22.7557729,75.9021465
common park,park,OpenStreetMap,22.7678172,75.8828811
park,park,OpenStreetMap,23.8562498,78.782369
Boat Club,attraction,OpenStreetMap,22.4585025,78.4188769
Surya Namaskar Site,attraction,OpenStreetMap,22.4611116,78.4206208
Bison Lodge Interpretation Centre,museum,OpenStreetMap,22.462233,78.424352
Mahatma Gandhi,artwork,OpenStreetMap,22.4728946,78.4370461
Nateran Point,attraction,OpenStreetMap,22.4797974,78.4441918
Jai Stambh,pillory,OpenStreetMap,22.4643296,78.4244551
Hotel Krishna Residency,hotel,OpenStreetMap,22.4764045,78.437207
"MPT Champak Bungalow, Pachmarhi",hotel,OpenStreetMap,22.458891,78.4169086
Woodland Adventure Resort,resort,OpenStreetMap,22.459635,78.4154202
Rajat Prapat,attraction,OpenStreetMap,22.4528919,78.4467602
Cave 5 (Varāha Cave),archaeological_site,OpenStreetMap,23.5363125,77.7724056
Cave 1,archaeological_site,OpenStreetMap,23.5325586,77.7706357
Cave 19 (Viṣṇupada cave),archaeological_site,OpenStreetMap,23.5404115,77.7718366
Cave 13 (Nārāyaṇa Cave),archaeological_site,OpenStreetMap,23.5362633,77.7720448
Pachmarhi Sign,attraction,OpenStreetMap,22.478966,78.4391477
Handi Khoh,attraction,OpenStreetMap,22.4401733,78.4250764
Rajendra Giri,attraction,OpenStreetMap,22.4462543,78.4187804
Reechgarh,attraction,OpenStreetMap,22.4676708,78.3904441
Nandi Point,attraction,OpenStreetMap,22.4131402,78.4367374
Dutchess Fall,attraction,OpenStreetMap,22.4704204,78.3871569
Hotel KM,hotel,OpenStreetMap,22.058434,78.9589453
The Fitness Headquarters,fitness_centre,OpenStreetMap,23.2479242,77.3993219
I ❤ Pachmarhi,attraction,OpenStreetMap,22.4644501,78.4241514
Kanha - Mukki Permits,information,OpenStreetMap,22.1546266,80.6731155
Hotel jalsa residency,hotel,OpenStreetMap,23.8781136,78.8132535
Hotel Jaydeep,hotel,OpenStreetMap,23.8782841,78.8134883
Stari Hotels Jabaipur Road sagar,hotel,OpenStreetMap,23.8711587,78.8080718
Hotel prince Palace,hotel,OpenStreetMap,23.8507738,78.791787
Agrawal Hotel,hotel,OpenStreetMap,23.8413091,78.763324
HOTEL SANGAM,hotel,OpenStreetMap,23.8406053,78.7620287
Hotal Royal Palce,hotel,OpenStreetMap,23.8022165,78.7497849
Bundelkhand medical college & Hospital,hostel,OpenStreetMap,23.8209464,78.7543631
Hotel highway hub,hotel,OpenStreetMap,23.8784406,78.8139598
Hotel Sai Aashirwad,hostel,OpenStreetMap,23.8225143,78.7631913
UTD Gym,fitness_centre,OpenStreetMap,23.8249105,78.7647307
HOTEL SUN PATH,hotel,OpenStreetMap,23.8631932,78.7989781
KRUTI  HOSTEL,hostel,OpenStreetMap,23.8585876,78.7997354
Sainik Rest House,guest_house,OpenStreetMap,23.8372587,78.7588878
Circuit House 1,guest_house,OpenStreetMap,23.8361091,78.7595693
Sulabh  Complex,sports_centre,OpenStreetMap,23.8361985,78.7587245
Dr Harisingh Gour  park,park,OpenStreetMap,23.8384455,78.7508487
Hotal usha,hotel,OpenStreetMap,23.8380852,78.742686
Agrawal Lodge,hostel,OpenStreetMap,23.8377367,78.7410231
Hotel Vandana,hotel,OpenStreetMap,23.8448816,78.7407325
GEDAJI DHARAMASHALA,motel,OpenStreetMap,23.8447379,78.7403985
Hotal Sablok,hotel,OpenStreetMap,23.8420434,78.7402056
Bilaiya Heeng,bowling_alley,OpenStreetMap,23.8398431,78.7404756
Chin Dhaba,hotel,OpenStreetMap,24.5379161,81.0058891
BSNL Office,alpine_hut,OpenStreetMap,23.8403456,78.7407321
Mehta Enterprises,castle,OpenStreetMap,23.8391085,78.7431352
Oshi Guest House,guest_house,OpenStreetMap,23.840152,78.7281703
collection O 83051 Hrg Destiny,hotel,OpenStreetMap,23.8408351,78.7295279
Guru Sant Niwas Bhawan,guest_house,OpenStreetMap,23.8518627,78.7210703
OyO49318Bm Hotal,motel,OpenStreetMap,23.8468883,78.7280855
Rakroniya Managal Bhavan,wilderness_hut,OpenStreetMap,23.847121,78.7928856
Madhyapradesh Vidhut Vibhag,wilderness_hut,OpenStreetMap,23.8454888,78.7964558
Hotel Jayram palace,hotel,OpenStreetMap,23.8512667,78.7931111
Mahakavi Padmakar  Auditorium,bandstand,OpenStreetMap,23.8382824,78.7268262
Hotel Big Boy,hotel,OpenStreetMap,23.8375087,78.7216037
Hotel The Grand palace,hotel,OpenStreetMap,23.8358503,78.7165402
Raghav Garden,garden,OpenStreetMap,23.8365926,78.7164783
Shree Nathji Guest house,hotel,OpenStreetMap,23.8336226,78.7075925
R One Lnn,hostel,OpenStreetMap,23.8459906,78.7448162
Gourav Boss Tea Stayl,hostel,OpenStreetMap,23.8560201,78.7023404
Hiotel KT  Khemtara,hotel,OpenStreetMap,23.8565177,78.7036136
Hotel Ram Saroj palace 3.8  1777,hostel,OpenStreetMap,23.8469874,78.7475452
Lakshminarayan Garden,hostel,OpenStreetMap,23.8445096,78.732985
Ravi Medical,memorial,OpenStreetMap,23.8449223,78.7341656
Hotel Royal Sagar,hostel,OpenStreetMap,23.8491689,78.7399349
Hotel Golden LEAF,hostel,OpenStreetMap,23.848706,78.740158
Hotel  Trambakeraj Palace,hostel,OpenStreetMap,23.8496454,78.7402402
Hotel Karishma,hostel,OpenStreetMap,23.8481627,78.7424019
HOTEL GANDHARV 3.4.(109),hostel,OpenStreetMap,23.8475437,78.738504
Hotel ruhee Place,hostel,OpenStreetMap,23.8487179,78.7423614
Hotel Ashiyana,hostel,OpenStreetMap,23.8482007,78.7426781
OYO 60865 Yash Inn,hostel,OpenStreetMap,23.8520057,78.7435409
HOTEl Harsh Residency & Restauraant,hotel,OpenStreetMap,23.8835594,78.8184075
Bhabha Hostel,guest_house,OpenStreetMap,23.8174879,78.7664711
Aacharya Shankar Bhawan,guest_house,OpenStreetMap,23.8244744,78.7719758
GOVT. KABIR bOYS (UG) hOSTEL,guest_house,OpenStreetMap,23.8195327,78.7680559
Ashirvad 3 Star HOTEL,guest_house,OpenStreetMap,23.8369274,78.7615288
Guest House / Visitors House,guest_house,OpenStreetMap,23.8256768,78.7720488
Raman Hostel,guest_house,OpenStreetMap,23.8183427,78.7673139
PRIYATI  CYBER POINT,hostel,OpenStreetMap,23.8116709,78.7419077
Century Garden,garden,OpenStreetMap,23.8219796,78.7412743
Jain Dharmshala,hostel,OpenStreetMap,23.8151558,78.7231322
HOTEL SAROJ SAGAR,hotel,OpenStreetMap,23.8266278,78.7279139
sHAKYAWAR kORI SAMAJ DHARMSALA,hostel,OpenStreetMap,23.8327582,78.7287214
SPOT ON 71982 Kanhaiya Vatika,hostel,OpenStreetMap,23.8191463,78.7204754
Yadav Hotel,hotel,OpenStreetMap,23.8486785,78.7301496
Thakur,hotel,OpenStreetMap,23.8483885,78.7302409
OYO HOME 87249 Royal,hostel,OpenStreetMap,23.8493332,78.7292539
POP 82008 Hotel Royal,hotel,OpenStreetMap,23.8491809,78.7296874
Mahadev tea stall,hostel,OpenStreetMap,23.8030297,78.7491633
Shubhank Garden,guest_house,OpenStreetMap,23.9597577,78.8961877
Shri Jawaharlal Nehru Park Banda,park,OpenStreetMap,24.0434703,78.9547209
Hotel Ram Sarthi,guest_house,OpenStreetMap,24.0373789,78.9606705
HOTEL  MAHAVEER,guest_house,OpenStreetMap,24.0428581,78.9636884
Jai maa Sharda  Raksha Hotal and ........,hostel,OpenStreetMap,23.8728109,78.9006882
Atal bihari bajpeyi  Khalprisar parasiya,park,OpenStreetMap,23.7933103,79.0643457
Sahil,hostel,OpenStreetMap,23.7826383,79.1456732
Mayra Hostel Sagar,hostel,OpenStreetMap,23.8087141,78.8037545
Govt Hostel Sironja,hostel,OpenStreetMap,23.8098019,78.8045195
Hotel & Resturant Khyati,motel,OpenStreetMap,23.7912536,78.807628
Kriti Hotel,resort,OpenStreetMap,23.759052,78.8369088
Government Boys Hostel,guest_house,OpenStreetMap,23.6855938,78.9418381
Statue of Rani Lakshmi Bai,artwork,OpenStreetMap,23.8514784,78.7912223
Rani Lakshmi Bai Statue,artwork,OpenStreetMap,22.7257547,75.8458099
Rebel Fit- Fitness Center,fitness_centre,OpenStreetMap,23.1173179,79.975515
Vijan Mahal Hotel,hotel,OpenStreetMap,23.1236465,79.9676114
Shaheed Bhagat Singh,artwork,OpenStreetMap,22.7604403,78.3491793
Rehli Cricket Ground,pitch,OpenStreetMap,23.6415897,79.0653511
Kail parishar,pitch,OpenStreetMap,23.6394003,79.0701621
The New Pravesh Residence Hotel and.....,motel,OpenStreetMap,23.6397105,79.0592859
Rehli Cricker Ground,park,OpenStreetMap,23.6420932,79.0655789
Hotel Sunset Orchha,hotel,OpenStreetMap,25.3517439,78.636166
Hotel Suraj Shree Palace.....,motel,OpenStreetMap,23.6384857,79.0590082
Sapre Ji Family,motel,OpenStreetMap,23.6305094,79.0592982
Shree Tara Heritage,resort,OpenStreetMap,23.49759,77.7629011
Traffic Aid Post,motel,OpenStreetMap,23.7231455,78.8095427
Ransika mewat dhaba,motel,OpenStreetMap,23.6518029,78.8232498
Shree Devnarayan Rajasthani Hotal,motel,OpenStreetMap,23.6515965,78.823753
Rangir Mandir Tiraha,bird_hide,OpenStreetMap,23.5779463,78.8769622
Jain Mandir,alpine_hut,OpenStreetMap,23.5140045,78.9375708
Subh  Marriage Garden,garden,OpenStreetMap,23.5261073,78.9297953
Quila  Gourjhamar gond  vansh,castle,OpenStreetMap,23.5249185,78.938575
Shree Arun Palace,motel,OpenStreetMap,23.4051814,79.0232033
Hotel Jay Shriram,motel,OpenStreetMap,23.4066362,79.0206625
Temple Play Ground,playground,OpenStreetMap,23.2291422,77.494615
K K Hotel & Loj,hotel,OpenStreetMap,23.4021689,79.0213705
Shubham Restaurant & Lodging,motel,OpenStreetMap,23.3968805,79.0199807
Beerngna Jhlkaribai Park Deori,park,OpenStreetMap,23.3943327,79.0184462
Paras Lodge,hotel,OpenStreetMap,23.3918915,79.0184845
OYO  46000 Mayurbaag Resort,motel,OpenStreetMap,23.7937263,78.7595471
Shrikant Yadav Hotel,motel,OpenStreetMap,23.7708773,78.7647004
Aaganbadi Kendra Hinnod,museum,OpenStreetMap,23.6962092,78.6858634
Rahul Rajput,chalet,OpenStreetMap,23.667861,78.6577072
Fairy farm and motel,motel,OpenStreetMap,23.1743276,77.020692
Digambaer Jain Bada   Mandir,alpine_hut,OpenStreetMap,23.6255673,78.573782
Hotel Abhinandan,hotel,OpenStreetMap,23.8256387,78.6873718
Adarsh Residecy Colony Park,park,OpenStreetMap,23.8306075,78.7057368
Teaffic Park Sagar,park,OpenStreetMap,23.8227638,78.7414332
Hotel Shehnai Garden Sagar,motel,OpenStreetMap,23.8360905,78.7499393
Pandit D.U. Chouk,camp_site,OpenStreetMap,23.8367398,78.7499851
Tili Hospitals,motel,OpenStreetMap,23.8555127,78.6429885
Dr. Vijay Munot Farms,caravan_site,OpenStreetMap,23.8595074,78.6218528
Dubai Hotel  Naryauli,motel,OpenStreetMap,23.9056689,78.5937494
Vadansh Teesta,motel,OpenStreetMap,23.9103189,78.5887472
Om Sai Ram Dharm Kanta  Naryauli,bird_hide,OpenStreetMap,23.9198959,78.5726918
Dhasan River Road Bridge,bird_hide,OpenStreetMap,23.9321761,78.5565451
Maa Harsiddhi Marriage Hall And Mairij Garden,park,OpenStreetMap,24.0027529,78.4014832
Sargem Hoterl,motel,OpenStreetMap,24.0318566,78.3472785
Shree Radhe            hotel,motel,OpenStreetMap,24.0328193,78.346167
Shree Narayan Marriage Garden & Hotel,motel,OpenStreetMap,24.0331914,78.3455865
K.K. Paiace Khurai,motel,OpenStreetMap,24.0339288,78.3443064
Sagun Mairij Hal,motel,OpenStreetMap,24.0379068,78.3367336
Jhanda Chauk Khurai,camp_site,OpenStreetMap,24.0417373,78.3293169
Khajau Talaiya,sports_centre,OpenStreetMap,24.0425841,78.3246655
Guru Kripa Marriage Garden,park,OpenStreetMap,24.054309,78.3219401
Gurukul Ground,stadium,OpenStreetMap,24.0561321,78.3276305
Lokpriya Lodge,motel,OpenStreetMap,24.0519974,78.3295698
Nehru Stadium Khurai,stadium,OpenStreetMap,24.0511726,78.3297666
Shehnai Garden Hotel & Resteurent,motel,OpenStreetMap,24.0435737,78.332792
Chhatpuria Hotel & Garden,motel,OpenStreetMap,24.0560429,78.3137451
Hotel Shri Gurukripa,motel,OpenStreetMap,24.1806974,78.2075698
Spot On  63237 Shri Siddhi Vinayak Hotel,motel,OpenStreetMap,24.184143,78.2054927
Taaran Taran DharamShala,motel,OpenStreetMap,24.1839022,78.2047827
Hotel Avadh Shree,motel,OpenStreetMap,24.1854272,78.2057869
Hotel Vandana Paiace,motel,OpenStreetMap,24.1859956,78.205623
OYO 67935 Hotel Natraj,motel,OpenStreetMap,24.1827257,78.2022338
Hotel Royal Mark Bina,motel,OpenStreetMap,24.1794028,78.1969161
Choice Associates Aadhar & Pan Card,museum,OpenStreetMap,24.1795203,78.197661
Bilgaiya Lodge,motel,OpenStreetMap,24.1800497,78.1980164
Gurunanak Sindhi Dharamshala,motel,OpenStreetMap,24.1766893,78.1953621
Shri Anandpur Satsang Ashram,motel,OpenStreetMap,24.1768789,78.196993
Hotel Shri Radha,motel,OpenStreetMap,24.1772901,78.1986396
Nanna Sweets Hotel,motel,OpenStreetMap,24.1672255,78.1875452
Ujjwal Vihar Park,park,OpenStreetMap,24.1805105,78.1885066
Hotel & Restaurant Deenanath Heritage,motel,OpenStreetMap,24.1830934,78.1864974
Hotel New Girraj Grand Palace,motel,OpenStreetMap,24.1883944,78.2069215
New Green Nursery,park,OpenStreetMap,24.1894053,78.2068448
Rajmahal Place & Restaurant,motel,OpenStreetMap,24.2038188,78.249486
Dhanora Power Grid,museum,OpenStreetMap,24.2081231,78.259263
Sport Stadium Khimlasa,stadium,OpenStreetMap,24.2046786,78.3538737
Vibha Dance Academy,dance,OpenStreetMap,23.8535179,78.7400643
Siddhi Beauty Parlour,artwork,OpenStreetMap,23.8539965,78.7402176
Ambedkar Chowk,camp_site,OpenStreetMap,23.8486909,78.7383204
The Silver Fitness Club,fitness_centre,OpenStreetMap,26.1940824,78.1512313
Sharad yadav Supper hotal and dhaba,hostel,OpenStreetMap,23.8697792,78.7359366
Gadpehra Fort,fort,OpenStreetMap,23.9137855,78.7180543
Hotel Vinayak Residency,motel,OpenStreetMap,23.884762,78.8059037
Hotel Panchwati Dhawa,motel,OpenStreetMap,23.8824251,78.8016388
Raghav Hotel & Res........,motel,OpenStreetMap,23.8891116,78.8131446
Hotel Aryavadhan Pailesh,motel,OpenStreetMap,23.8858067,78.8067057
Samrat Chandguth Mory,camp_site,OpenStreetMap,23.8849151,78.7859691
Rajasthani Dhaba,motel,OpenStreetMap,23.9166512,78.7419542
Maya hotel,motel,OpenStreetMap,23.9810328,78.6683341
Baba Kaka Hotel,motel,OpenStreetMap,24.0402222,78.6327223
Govermenr Girls Hostel Bandri,hostel,OpenStreetMap,24.0455823,78.6314919
Dr.K.S Thakur,hostel,OpenStreetMap,24.0808138,78.6138526
Rest House,motel,OpenStreetMap,24.1105165,78.6041312
Khan Teant  House & Ghoda Baggi,museum,OpenStreetMap,24.1124137,78.6047402
Barodiya Fort,fort,OpenStreetMap,24.2151997,78.5781573
Talkatora Stadium  Barodiya Kalan,stadium,OpenStreetMap,24.2088241,78.5786659
Haryana Mewat Hotel Mosim Khan Binjopuriya,motel,OpenStreetMap,24.2247108,78.5760128
Hotel Raj Viraj & Loding,motel,OpenStreetMap,24.2198905,78.5792101
Chatri Playground,stadium,OpenStreetMap,26.202574,78.1449726
Railway Engine Display,attraction,OpenStreetMap,22.7536326,78.3561038
St.Xavier chatrawas,hostel,OpenStreetMap,22.0342273,74.9089739
Railway Coache Display,attraction,OpenStreetMap,22.7544519,78.3544182
MPT Sarsi Island Boat Club Markandeya Ghat,attraction,OpenStreetMap,24.0931867,81.0077058
Perfect Fitness Gym by Kapil Jadam,fitness_centre,OpenStreetMap,23.2022268,75.7774667
Surya Resort,resort,OpenStreetMap,23.0761326,79.9879217
Hotel Kailash,hotel,OpenStreetMap,24.5370142,81.2867535
Rewa Residency,hotel,OpenStreetMap,24.5385461,81.2866134
Statue Chowk,artwork,OpenStreetMap,24.5343811,81.2923298
kila,fort,OpenStreetMap,22.1725088,75.6628957
my home,guest_house,OpenStreetMap,22.1727089,75.6615831
rajput dharmashala,guest_house,OpenStreetMap,22.1726386,75.661705
Narmadiya Dharmashala,guest_house,OpenStreetMap,22.1733647,75.6608095
park and playground,playground,OpenStreetMap,23.2670449,77.4682962
Ramesh Fitness,fitness_centre,OpenStreetMap,23.2681062,77.4678133
Yashoda Previlege,resort,OpenStreetMap,23.2664664,77.4660906
FabHotel Kanta Shrawan,hostel,OpenStreetMap,23.2644165,77.4649783
Kanta Shrawan Palace Marriage Garden,resort,OpenStreetMap,23.2650139,77.4646185
TNT MMA Fitness Academy,fitness_centre,OpenStreetMap,23.2628864,77.4647863
FH sector garden,garden,OpenStreetMap,22.7562549,75.8857209
Bharat Nagar Park Garden,park,OpenStreetMap,23.2589606,77.4594778
Laxmi Nagar Playground,park,OpenStreetMap,23.2547588,77.4733029
Shiv Park,park,OpenStreetMap,23.2563368,77.4728079
Suhaag Marriage Garden,garden,OpenStreetMap,23.25946,77.4708016
Railway officers rest house,guest_house,OpenStreetMap,23.2232923,77.4423453
Gunjan Park,park,OpenStreetMap,23.2443608,77.4726483
BHEL guest House,guest_house,OpenStreetMap,23.2483698,77.4703208
NCC football ground,park,OpenStreetMap,23.246724,77.4703695
volleyball court,park,OpenStreetMap,23.2479701,77.4685027
rewa eco park,park,OpenStreetMap,24.538274,81.2811915
Hotel Safari Residency,hotel,OpenStreetMap,24.5357631,81.2968799
Hotel Star,hotel,OpenStreetMap,24.5418628,81.291473
Vrindavan Marrige Garden,garden,OpenStreetMap,24.5406519,81.2914853
Hotel Maharaja,hotel,OpenStreetMap,24.5417844,81.2922585
Swami Vivekanand Park,park,OpenStreetMap,24.5435703,81.2960064
Hotel Shark Inn,hotel,OpenStreetMap,24.5666108,81.2726352
The Hulk Smashed Gym,fitness_centre,OpenStreetMap,24.5490361,81.2709972
Hotel Mayank,hotel,OpenStreetMap,24.5384412,81.2642077
Hotel Badrika Inn,hotel,OpenStreetMap,24.5388845,81.2634369
Namah Courtyard | Hotel,hotel,OpenStreetMap,24.5372349,81.260386
Keshav dham (RSS),manor,OpenStreetMap,24.5381252,81.2595645
Hotel Dang Palace,hotel,OpenStreetMap,24.5367498,81.2617887
Hotel Landmark Residency,hotel,OpenStreetMap,24.538787,81.2630576
Hotel Bramha INN,hotel,OpenStreetMap,24.5386913,81.2640513
HOtel CRown INN,hotel,OpenStreetMap,24.5394282,81.2639446
Champions GYm,fitness_centre,OpenStreetMap,24.5411718,81.2684241
Maharana pratap statue,artwork,OpenStreetMap,23.5192667,77.8163765
golden gate,hotel,OpenStreetMap,22.7563068,75.8926465
girigraj grandieur,hotel,OpenStreetMap,22.7559033,75.894747
Main Gate,city_gate,OpenStreetMap,23.1870748,77.3657598
Golden Palace,hotel,OpenStreetMap,26.2094954,78.1979801
BasketBall Court,pitch,OpenStreetMap,22.5212982,75.9208298
Volleyball,pitch,OpenStreetMap,22.5298656,75.9199341
IITI GYM,fitness_centre,OpenStreetMap,22.5298161,75.9192281
BasketBall Court(Complex),pitch,OpenStreetMap,22.5300205,75.9199436
Director Bunglow,guest_house,OpenStreetMap,22.5200021,75.9232382
IITI Gate 1B,city_gate,OpenStreetMap,22.5285577,75.9171028
IITI Gate 2,city_gate,OpenStreetMap,22.5190777,75.9157812
IITI Gate 1A,city_gate,OpenStreetMap,22.5295378,75.9126834
Tennis Court,pitch,OpenStreetMap,22.5207477,75.9204027
Girls Hostel Block 2,hostel,OpenStreetMap,23.0754867,76.853756
Boys Hostel Block 4,hostel,OpenStreetMap,23.0731859,76.8587405
Boys Hostel Block 5,hostel,OpenStreetMap,23.0737452,76.8588226
Faculty Housing,hostel,OpenStreetMap,23.0735871,76.8594556
Boys Hostel Block 6,hostel,OpenStreetMap,23.0723416,76.8599421
Course Campsite,camp_site,OpenStreetMap,22.4504843,78.4182907
"Ayurvedic knowledge center cantonment board, Pachmarhi",park,OpenStreetMap,22.474354,78.433428
Ahukhana,attraction,OpenStreetMap,21.3088758,76.2467469
Mandu Sarai,hotel,OpenStreetMap,22.3518967,75.3971437
The Shaan Fitness Club,fitness_centre,OpenStreetMap,22.7506784,78.3548206
Am Fitness The Family Gym,fitness_centre,OpenStreetMap,22.0494878,78.924629
Hotel Payal & Restaurent,hotel,OpenStreetMap,22.4723205,78.436436
Hotel Satpura Safari,hotel,OpenStreetMap,22.4724843,78.4367542
Hotel Shiv Krishna,hotel,OpenStreetMap,22.4725726,78.4366198
Hotel Himalaya,hotel,OpenStreetMap,22.4721605,78.4377097
Condo Cottage,chalet,OpenStreetMap,22.4720912,78.4376391
Hotel Bombay Regency,hotel,OpenStreetMap,22.4720019,78.4382918
The Grand Monarch - Ujjain,hotel,OpenStreetMap,23.1366205,75.8174817
CVR Hostel,hostel,OpenStreetMap,22.5306326,75.9257283
The Pench International Resort,resort,OpenStreetMap,21.7314111,79.3738845
संतोष वर्मा,guest_house,OpenStreetMap,22.1730859,75.6600317
"MPT Highlands, Pachmarhi",hotel,OpenStreetMap,22.4771325,78.4404296
"MPT Glen View, Pachmarhi",hotel,OpenStreetMap,22.4675518,78.4256005
"MPT Satpura Retreat, Pachmarhi",hotel,OpenStreetMap,22.4531242,78.4272775
"MPT Amaltas, Pachmarhi",hotel,OpenStreetMap,22.4647879,78.4256005
"MPT Club View , Pachmarhi",hotel,OpenStreetMap,22.4691735,78.4268761
"MPT Rock End Manor, Pachmarhi",hotel,OpenStreetMap,22.4656398,78.4227973
"MPT Devdaru Bungalow, Pachmarhi",hotel,OpenStreetMap,22.4723643,78.4255401
"MPT Karnikar Bungalow, Pachmarhi",hotel,OpenStreetMap,22.4737778,78.4257759
"MPT Nilamber Cottages, Pachmarhi",hotel,OpenStreetMap,22.4648586,78.4214255
Tatva Wellness,sports_hall,OpenStreetMap,23.2970623,81.3606405
Hotel Raj Laxmi,hotel,OpenStreetMap,22.4737251,78.4374717
Empire By Zuper,resort,OpenStreetMap,23.2443925,77.2604351
Boys Hostel Block 8,hostel,OpenStreetMap,23.0725047,76.8587785
Basketball Court,pitch,OpenStreetMap,23.0733328,76.8598886
Gym,fitness_centre,OpenStreetMap,23.073287,76.8602859
Boys Hostel Block 7,hostel,OpenStreetMap,23.0731209,76.8593684
Boys Hostel Block 3,hostel,OpenStreetMap,23.0733895,76.8594032
DAWAT CELEBRATION LAWN,park,OpenStreetMap,22.0635468,79.5595959
Park,park,OpenStreetMap,24.5428243,81.2795771
Western Hotel,hotel,OpenStreetMap,23.184678,77.414317
Hotel Imperial Sabre.,hotel,OpenStreetMap,23.2616074,77.3706162
PLAY GROUND,playground,OpenStreetMap,23.2496915,77.5262936
Orcha Club Resort,hotel,OpenStreetMap,25.371299,78.643236
Janki Villas,hotel,OpenStreetMap,25.3459166,78.6404234
Hotel Shree Ram Baghwan,hotel,OpenStreetMap,25.3507696,78.6284208
Vijay Greens,hotel,OpenStreetMap,25.3716689,78.6441652
Ratan Mahal,hotel,OpenStreetMap,25.6631133,78.4608002
Apsara Vihar,attraction,OpenStreetMap,22.4550475,78.4414573
Chauragarh,attraction,OpenStreetMap,22.4151454,78.4404722
Jata Shankar,attraction,OpenStreetMap,22.4815546,78.4417927
Priyadarshini,attraction,OpenStreetMap,22.4274224,78.4229834
Dhoopgarh,attraction,OpenStreetMap,22.4494168,78.3718689
Stupa 2,attraction,OpenStreetMap,23.4806422,77.7362683
Akhileshwar Temple Courtyard,attraction,OpenStreetMap,22.1699909,75.5880239
Temple Courtyard,attraction,OpenStreetMap,22.1699999,75.5875918
Maheshwar-Palace,attraction,OpenStreetMap,22.1702338,75.5868426
Stupa 3,attraction,OpenStreetMap,23.4799475,77.7399546
Temple 7,attraction,OpenStreetMap,23.4791025,77.7391819
Buddhist Monuments at Sanchi,attraction,OpenStreetMap,23.4794409,77.7395643
Great Stupa,attraction,OpenStreetMap,23.4793568,77.7396034
Abhinav Parisar,guest_house,OpenStreetMap,22.9697429,76.0513653
Gwalior Fort,attraction,OpenStreetMap,26.2235807,78.1667489
इन्दोर मारिओट,hotel,OpenStreetMap,22.7526473,75.8835645
Sayaji Hotel,hotel,OpenStreetMap,22.7510979,75.889413
Kamla Nehru Prani Sangrahalaya,zoo,OpenStreetMap,22.7010275,75.8800592
Lemon Tree,hotel,OpenStreetMap,22.7181774,75.8726763
Pipaliya Pala,picnic_site,OpenStreetMap,22.6761341,75.8617742
Jain Art Museum,museum,OpenStreetMap,24.8447437,79.9357588
Hotel Green House,guest_house,OpenStreetMap,24.8484907,79.9254157
Western Group of Temples,attraction,OpenStreetMap,24.8532804,79.9207627
Lakshmi shrine,attraction,OpenStreetMap,24.8521821,79.9222371
Nandi Temple,attraction,OpenStreetMap,24.8533546,79.9227125
Varaha shrine,attraction,OpenStreetMap,24.8520917,79.9222203
Parvati Temple,attraction,OpenStreetMap,24.8532373,79.9219679
Chitragupta Temple,attraction,OpenStreetMap,24.8543906,79.9201029
Vishwanatha Temple,attraction,OpenStreetMap,24.8534022,79.9223667
Jagadambi Temple,attraction,OpenStreetMap,24.8533992,79.9197211
Kandariya Mahadev Temple,attraction,OpenStreetMap,24.8530367,79.9196336
लक्षमन मंदिर,attraction,OpenStreetMap,24.8522277,79.9216986
Pratapeshwara Temple,attraction,OpenStreetMap,24.8528992,79.9223138
Archaeological Museum Khajuraho New Bldg. Complex,museum,OpenStreetMap,24.8590144,79.9206495
Duladeo Shiva Temple,attraction,OpenStreetMap,24.8390349,79.9317291
Adinatha Temple,attraction,OpenStreetMap,24.8451369,79.9365877
Parshwanath Temple,attraction,OpenStreetMap,24.8449127,79.9365086
Shantinath Temple,attraction,OpenStreetMap,24.8446328,79.936307
Ghantai Temple,attraction,OpenStreetMap,24.8461377,79.9334009
Jawari Temple,attraction,OpenStreetMap,24.8494667,79.9352933
Vamana Temple,attraction,OpenStreetMap,24.8515235,79.9349948
Brahma Temple,attraction,OpenStreetMap,24.8492013,79.9327628
Tribal Museum,museum,OpenStreetMap,24.8570598,79.9243436
Jordine Museum,museum,OpenStreetMap,24.8516107,79.9215352
Khajuraho palace,attraction,OpenStreetMap,24.8515114,79.9227494
Archaeological Museum,museum,OpenStreetMap,24.8512848,79.9236609
Chaturbhuj Temple,attraction,OpenStreetMap,24.8251612,79.9310378
Beejamandal Temple ruins,attraction,OpenStreetMap,24.8294036,79.9345437
Mahadeva Temple,attraction,OpenStreetMap,24.853217,79.9197056
Jungle King Resort,hotel,OpenStreetMap,22.3094652,80.5136613
Maikal Resort,hotel,OpenStreetMap,22.9521025,79.9405811
Gwalior Zoo,zoo,OpenStreetMap,26.2092613,78.1679362
Hotel Infiniti,hotel,OpenStreetMap,22.7533364,75.9034122
Hotel Radisson Blu,hotel,OpenStreetMap,22.7502274,75.902763
Effotel,hotel,OpenStreetMap,22.7509008,75.9030417
Hotel Shreemaya Residency,hotel,OpenStreetMap,22.7397065,75.8925976
Hotel Waterlily,hotel,OpenStreetMap,22.7626491,75.9344741
Visitor Guest House,guest_house,OpenStreetMap,23.174697,80.028139
Boys Hostel,hostel,OpenStreetMap,24.0782354,75.0283696
Girls Hostel,hostel,OpenStreetMap,24.0768996,75.0280023
Indira Gandhi Rashtriya Manav Sangrahalaya,museum,OpenStreetMap,23.2329005,77.3787727
State Museum Bhopal,museum,OpenStreetMap,23.2348582,77.3849771
Jahanuma Palace,hotel,OpenStreetMap,23.2404308,77.3865498
Regional Science Center,museum,OpenStreetMap,23.2362021,77.3898239
Hotel Lake View Ashoka,hotel,OpenStreetMap,23.2425905,77.3882865
Bundela Resort,hotel,OpenStreetMap,24.8403677,79.9201618
Chandela,hotel,OpenStreetMap,24.8417119,79.9226039
Maharaja Hotel Restaurant,motel,OpenStreetMap,25.1393486,79.3729529
Circuit House,guest_house,OpenStreetMap,22.7573515,77.7244015
Ambience,hotel,OpenStreetMap,26.2148004,78.1818551
Scheduled Caste Senior Boys Hostel Pandhurna,hostel,OpenStreetMap,21.5945335,78.5299025
SPA Boys Hostel 2,hostel,OpenStreetMap,23.3007097,77.2692593
SPA Boys Hostel 1,hostel,OpenStreetMap,23.3006827,77.2686548
SPA GIRLS HOSTEL,hostel,OpenStreetMap,23.2990508,77.2695882
Railway Heritage Museum,museum,OpenStreetMap,22.4276069,80.1112007
Kuno Fort,attraction,OpenStreetMap,25.8173667,77.1777434
MPSTDC Tourist Bunglow,hotel,OpenStreetMap,25.1737523,80.8685284
Zoological Survey of India,museum,OpenStreetMap,23.189515,79.9139139
Hotel Midtown,hotel,OpenStreetMap,21.8118525,80.1916623
Raj Mandir Palace,attraction,OpenStreetMap,24.7206389,80.1877329
Rewa Fort,yes,OpenStreetMap,24.5222012,81.2913138
Hotel Umang Palace,hotel,OpenStreetMap,22.6893287,77.291069
Gopal Mandir,attraction,OpenStreetMap,22.7175275,75.8544779
Akash Picnic Hut,picnic_site,OpenStreetMap,23.2702003,77.3268729
Sethani Ghat,attraction,OpenStreetMap,22.7625048,77.7168707
Narmada Retreat,hotel,OpenStreetMap,22.1701802,75.5804926
Hostel,hostel,OpenStreetMap,22.6775738,75.8791107
Sanchi Museum,museum,OpenStreetMap,23.4841735,77.7393996
Government Guest House,guest_house,OpenStreetMap,24.7111209,78.1409079
Veer Singh Palace,attraction,OpenStreetMap,25.6711995,78.4511214
Lanji Fort,attraction,OpenStreetMap,21.5001352,80.543687
Hotel President Park,hotel,OpenStreetMap,22.6929711,75.9252443
Kesar bagh adventure park,theme_park,OpenStreetMap,22.7040088,75.8461985
JCB Boys' Hostel,hostel,OpenStreetMap,22.6842299,75.8752614
"RNT Boys' Hostel, DAVV",hostel,OpenStreetMap,22.684083,75.8763645
Aashray Boys' Hostel,hostel,OpenStreetMap,22.6790959,75.8781411
Bhaskar Boys' Hostel,hostel,OpenStreetMap,22.6790539,75.8778545
A Boys Hostel - IET DAVV,hostel,OpenStreetMap,22.6798885,75.8818449
C Boys Hostel - IET DAVV,hostel,OpenStreetMap,22.6802003,75.8823681
Casa Bella Girls Hostel,hostel,OpenStreetMap,22.7621016,75.884346
Bonsai Hotel,hotel,OpenStreetMap,22.7625086,75.8854311
Hotel Sonash,hotel,OpenStreetMap,22.6884831,75.8637069
Satkar girls hostel,hostel,OpenStreetMap,22.6912162,75.8633877
Real Homes for boys Hostel,hostel,OpenStreetMap,22.7663132,75.8821052
Rudra palace boys hostel,hostel,OpenStreetMap,22.7664597,75.8821958
Rewa 2B,hostel,OpenStreetMap,23.1687303,80.0321581
Rewa 2A,hostel,OpenStreetMap,23.1690431,80.0323935
Rewa 3B,hostel,OpenStreetMap,23.168602,80.0327447
Rewa 3A,hostel,OpenStreetMap,23.1689146,80.03298
Safari Samode Lodge,hotel,OpenStreetMap,23.6407383,80.9623831
Atulya Kanchi Camp,hotel,OpenStreetMap,23.6637188,80.9436245
Maharaj Yashwant Rao Holkar Chatri (1841)/Bhanpura Museum,museum,OpenStreetMap,24.5169726,75.7384915
Cenotaph of Vir Singh Deo,attraction,OpenStreetMap,25.3430402,78.6383146
osho ashram,hotel,OpenStreetMap,22.7024603,77.9454792
Taj-ul-Masajid,attraction,OpenStreetMap,23.2629721,77.3928205
RAJA,hotel,OpenStreetMap,23.2118347,81.5362503
Surya hotel,hotel,OpenStreetMap,23.2116653,81.5357768
Radisson Jass,hotel,OpenStreetMap,24.8426681,79.9235769
Jhanka,hotel,OpenStreetMap,24.8445477,79.9228373
Clarks Khajuraho,hotel,OpenStreetMap,24.8318942,79.9181645
A S Hotel,hotel,OpenStreetMap,24.8484501,79.9214181
Hostel 9 - Flamingo (Proposed),hostel,OpenStreetMap,23.2904968,77.2741439
Visitor's Hostel,hostel,OpenStreetMap,23.2833692,77.2750792
Triveni Museum,museum,OpenStreetMap,23.1764535,75.7689124
Bagh Villas Jungle Camp & Spa,hotel,OpenStreetMap,22.1219174,80.722383
PhoolBagh Tiraha,artwork,OpenStreetMap,26.2120345,78.1700748
Hanuwantiya Resort,hotel,OpenStreetMap,22.1448544,76.587485
Hanuwantiya Tent City,camp_site,OpenStreetMap,22.1441812,76.5836334
Mahakal Lok,attraction,OpenStreetMap,23.1792291,75.7687682
Hostel 8 - Sky Lark,hostel,OpenStreetMap,23.2941773,77.2715989
Hotel Kings Park AB Road,hotel,OpenStreetMap,22.6897459,75.8636812
Kingfisher Water Park,attraction,OpenStreetMap,22.5627469,80.3504509
Hotel The ACE,hotel,OpenStreetMap,22.7265772,78.3548666
Hotel Geetanjali,hotel,OpenStreetMap,22.7579929,78.3526829
Hotel Subham,hotel,OpenStreetMap,22.7416691,78.3551755
Hotel Indraprastha,hotel,OpenStreetMap,22.4756615,78.4370494
Hotel Abhilasha & Restaurant,hotel,OpenStreetMap,22.4738898,78.4373248
Hotel Aryavardhan,hotel,OpenStreetMap,23.8863313,78.8068155
Hotel The Bundela,hotel,OpenStreetMap,24.8411909,79.920705
INDRAJIT HOSTERL,hostel,OpenStreetMap,22.0320394,74.9101291
Bhimbetka Rock Shelters,attraction,OpenStreetMap,22.937388,77.6112806
Hotel Rama Palace,hotel,OpenStreetMap,24.5357302,81.2892052
Shubh shree hotel,hotel,OpenStreetMap,22.7578421,75.8841041
College Chowk,artwork,OpenStreetMap,24.5431528,81.29571
Sirmour Chowk,artwork,OpenStreetMap,24.5436171,81.3010895
DA Hostel,hostel,OpenStreetMap,22.5307488,75.9233586
HJB hostel,hostel,OpenStreetMap,22.5316772,75.9247878
VSB Hostel,hostel,OpenStreetMap,22.5314587,75.9236203
APJ hostel,hostel,OpenStreetMap,22.5303207,75.9241842
Vidyanchal Guest house,guest_house,OpenStreetMap,22.5241375,75.9260076
Kshipra,hostel,OpenStreetMap,22.522569,75.9250016
Narmada,hostel,OpenStreetMap,22.5229761,75.922494
Hotel Agrawal Residency,hotel,OpenStreetMap,22.4723687,78.4368415
Hotel Shivalay,hotel,OpenStreetMap,22.4723323,78.4361806
Rai Guest House,hotel,OpenStreetMap,23.1883612,75.7812967
"Deo Bagh - 17th Century, Gwalior",hotel,OpenStreetMap,26.2202293,78.1498911
Bharat Bhavan,art_complex,Wikivoyage,,
Upper Lake (Bhojtal),lake,Holidify,,
Van Vihar National Park,national_park,Holidify,,
